name,email,country,experience,salary
Ramona Keith,aliquet@hotmail.edu,Indonesia,7,$45.38
Daniel Greene,proin.dolor@hotmail.com,Belgium,8,$81.44
Nayda Harding,molestie.pharetra@protonmail.ca,France,6,$90.05
Ariana Hinton,dictum.magna@hotmail.ca,Colombia,5,$38.55
Sheila Alston,et.ipsum@protonmail.ca,Italy,4,$80.89
Raja Holman,est.nunc@hotmail.couk,Indonesia,4,$63.69
Addison Kemp,auctor.odio.a@hotmail.org,Sweden,3,$0.54
Noah Nielsen,cras@icloud.ca,Mexico,6,$7.28
Jin Craft,mauris@google.org,Austria,5,$73.48
Brittany Leblanc,consequat.lectus.sit@aol.com,Pakistan,7,$49.11
Rooney Contreras,lacus.aliquam.rutrum@aol.edu,Vietnam,9,$11.96
Gabriel Peterson,at.sem@google.net,Indonesia,5,$97.25
Charles Gaines,nunc.sed@yahoo.edu,Turkey,7,$58.58
Roth Meyers,suspendisse.commodo.tincidunt@hotmail.net,Australia,2,$50.05
Dylan Koch,nulla.ante@google.com,Germany,9,$48.71
Cailin Travis,fermentum.arcu@icloud.org,Netherlands,1,$27.17
Karen Chambers,eu.neque.pellentesque@google.net,Turkey,8,$1.67
Nehru Terrell,dui.nec.tempus@hotmail.edu,Norway,2,$7.62
Aileen Carter,eu.neque@aol.ca,Poland,1,$37.47
Yen Mason,sed@protonmail.ca,United States,7,$19.17
Ulla Cash,libero.mauris.aliquam@hotmail.edu,Italy,8,$53.18
Knox Valenzuela,varius.orci@hotmail.couk,Costa Rica,3,$85.11
Hedley Hatfield,erat.neque@aol.net,Ireland,1,$74.89
Austin Rivera,sit@google.org,Belgium,7,$74.28
Nigel Rocha,luctus.vulputate@outlook.edu,Norway,2,$34.34
Jin Rosa,enim@icloud.net,France,5,$17.27
Driscoll Rosario,amet@outlook.net,Russian Federation,1,$93.29
Slade Mcknight,semper.pretium@protonmail.ca,Canada,3,$44.45
Reed Moore,in@icloud.com,Norway,4,$33.01
Plato Le,neque@outlook.org,Netherlands,5,$87.36
Cleo Mays,vitae@aol.ca,Indonesia,6,$30.87
Davis Moss,mauris.aliquam@outlook.net,India,5,$71.92
Lareina Mclaughlin,velit.egestas.lacinia@aol.com,France,3,$87.72
Stephen Haney,metus@google.edu,Brazil,7,$97.22
Daria Garrison,nunc.laoreet@protonmail.net,Colombia,9,$17.92
Lane Kaufman,cubilia.curae.donec@yahoo.ca,Belgium,1,$20.67
Curran Douglas,nulla.eu.neque@hotmail.ca,United Kingdom,7,$3.84
Edward Morin,id@icloud.ca,Brazil,3,$61.72
Felix Brady,eget.varius@google.couk,United Kingdom,1,$86.26
Uta Copeland,cras.pellentesque@icloud.couk,United States,9,$74.59
Stone Leon,blandit.enim.consequat@hotmail.ca,New Zealand,4,$12.12
Abigail Deleon,commodo.tincidunt@outlook.ca,France,1,$15.39
Marvin Clemons,ut@yahoo.net,Ireland,3,$3.14
Patricia Roberson,ornare.egestas@aol.com,Belgium,2,$76.35
Ivana Levine,non@outlook.com,United States,1,$37.47
Vincent Nash,tempor.diam.dictum@yahoo.ca,New Zealand,0,$70.02
Sydnee Manning,magna.phasellus@protonmail.com,New Zealand,9,$73.95
Ferdinand Kelley,augue.ut.lacus@yahoo.couk,Pakistan,9,$90.29
Azalia Baird,eu.nibh.vulputate@protonmail.org,United States,1,$65.34
Abbot Kaufman,nunc@yahoo.org,Netherlands,6,$86.63
Kay Johnston,consectetuer.rhoncus@hotmail.edu,Italy,7,$57.80
Sophia Campos,est.ac.facilisis@aol.com,China,2,$76.06
Nell Mcintosh,in.lobortis@protonmail.org,Costa Rica,9,$81.84
Murphy Hunter,lacinia.at@google.net,India,3,$37.55
Zoe Schwartz,nonummy.fusce.fermentum@outlook.ca,Norway,3,$93.11
Gail Cox,ligula@icloud.couk,New Zealand,7,$92.54
Yeo Hendrix,nunc.ut.erat@yahoo.edu,China,7,$77.08
Felicia James,lectus.a@yahoo.com,Belgium,1,$83.42
Willow Lancaster,lorem.ut.aliquam@yahoo.com,Russian Federation,1,$85.69
Lisandra Dickson,sed.nec.metus@outlook.com,Indonesia,5,$20.51
Gary Bright,nibh.dolor.nonummy@icloud.net,France,9,$34.23
Tamekah Oliver,tempus@outlook.net,Spain,2,$2.92
Josiah Lowe,et.ultrices@outlook.net,Sweden,2,$16.43
Sara Manning,a.enim@icloud.org,Vietnam,1,$91.69
Colorado Wolfe,mauris.rhoncus.id@hotmail.net,Italy,5,$83.15
Tallulah Poole,enim.etiam.gravida@aol.couk,United Kingdom,3,$48.11
Hollee Riley,ornare.placerat.orci@outlook.com,Nigeria,3,$96.72
Aidan Melendez,augue@protonmail.ca,France,7,$10.85
Madaline Summers,suspendisse.tristique@google.couk,Peru,4,$31.18
Isabella Bird,rutrum@aol.edu,Costa Rica,6,$6.10
Ahmed Dean,accumsan@protonmail.net,Netherlands,1,$43.51
Jemima Conway,erat.vel.pede@google.net,Austria,10,$49.67
Beverly Hubbard,semper.et.lacinia@icloud.net,Norway,0,$7.30
Jenna Owen,odio.phasellus@icloud.edu,Pakistan,8,$27.60
Quynn Church,ut.nisi.a@hotmail.net,Ireland,9,$79.31
Len Nolan,quisque.tincidunt.pede@google.ca,Germany,7,$2.40
Ivor Ballard,morbi.sit.amet@aol.com,Turkey,5,$82.50
Brandon Randall,nunc.ut.erat@hotmail.net,Indonesia,4,$48.01
Lilah Black,sagittis@outlook.edu,Italy,2,$26.81
Christian Austin,orci@hotmail.couk,Costa Rica,4,$4.90
Gareth Ross,donec.est@yahoo.edu,Indonesia,2,$43.97
Hiroko Mayo,porttitor.vulputate@yahoo.ca,Nigeria,4,$39.35
Catherine Rich,orci.in.consequat@yahoo.edu,Costa Rica,10,$54.28
Brandon Rasmussen,facilisis.facilisis.magna@hotmail.net,Austria,4,$84.66
Dorian Mckay,lectus.pede@aol.net,Ireland,1,$15.24
Irene Love,vulputate.lacus.cras@hotmail.com,India,10,$37.63
Kiona Levine,cras.sed@protonmail.couk,Canada,0,$88.14
Latifah Gomez,nonummy.ut@yahoo.net,Poland,1,$33.61
Edward Ellison,turpis.egestas.aliquam@google.edu,New Zealand,6,$68.28
Rina Martin,felis@outlook.net,Russian Federation,9,$47.00
Rebekah Noel,risus.duis.a@hotmail.couk,Spain,6,$82.83
Shelly Tate,gravida.praesent@protonmail.net,China,4,$22.29
Samuel Graham,luctus.vulputate.nisi@yahoo.couk,Italy,5,$48.68
Jordan Finley,pellentesque@icloud.ca,Netherlands,5,$83.78
Josephine Hunter,convallis.in@protonmail.com,Colombia,2,$37.81
Maile Ewing,parturient.montes.nascetur@protonmail.edu,Chile,5,$82.01
Echo Alvarado,cursus.diam@icloud.ca,Germany,4,$54.87
Brock Andrews,sit.amet@yahoo.net,United States,7,$37.56
Macon Weber,neque.tellus.imperdiet@aol.org,Pakistan,6,$39.55
Neve Adams,imperdiet.dictum@yahoo.couk,Canada,3,$57.39
